{"r2": 0.5537957465629317, "mae": 32.5970353618421, "feature_importance": {"_type": "image-file", "sha256": "d8e7e27e433bacfd557b4cb01a23f7a8a2f846c626b10d7ad373e5dbb32bddab", "size": 33323, "path": "media/images/feature_importance_0_d8e7e27e433bacfd557b.png", "format": "png", "width": 1000, "height": 1000}, "_timestamp": 1729627963.9401574, "_runtime": 19.059208393096924, "_step": 0, "_wandb": {"runtime": 18}}