{"r2": 0.5537476019076014, "mae": 32.65254934210526, "feature_importance": {"_type": "image-file", "sha256": "d81ae12efd5bac8a12975985ea70d313bf7385b4ad4ccfd462bcbe221fcca1ab", "size": 33319, "path": "media/images/feature_importance_0_d81ae12efd5bac8a1297.png", "format": "png", "width": 1000, "height": 1000}, "_timestamp": 1729627929.4684343, "_runtime": 11.23740530014038, "_step": 0, "_wandb": {"runtime": 10}}