{"r2": 0.571645254778965, "mae": 32.56104194078947, "feature_importance": {"_type": "image-file", "sha256": "2549966ecb57d06cb1d31d2f9c83d86221ea4894f2f2ecf71b668a4ee0aecbce", "size": 33317, "path": "media/images/feature_importance_0_2549966ecb57d06cb1d3.png", "format": "png", "width": 1000, "height": 1000}, "_timestamp": 1729628109.262368, "_runtime": 75.97630000114441, "_step": 0, "_wandb": {"runtime": 75}}