{"r2": 0.5687225717889771, "mae": 32.66667927631579, "feature_importance": {"_type": "image-file", "sha256": "e8ee0f60e7683c614edbbdceadbf0837df9b1f578fb214c173213e410f25c2fc", "size": 33331, "path": "media/images/feature_importance_0_e8ee0f60e7683c614edb.png", "format": "png", "width": 1000, "height": 1000}, "_timestamp": 1729628015.1526237, "_runtime": 36.32449173927307, "_step": 0, "_wandb": {"runtime": 35}}